{"tests":[{
		"language": "US-EN",
		"grade": "5th (Fifth)",
		"subject": "History",
		"genre": "Roman Empire",
		"items": [
			{"question" : "Who was the first emperor of Rome?"},
			{"question" : "Who was the last emperor of Rome?"},
			{"question" : "What was Augustus Caesars' name before his rule of the Roman Empire?" },
			{"question" : "Augustus Caeser, Tiberius, Caligula, Claudius and Nero are the first five rulers of Rome and the ________ Dynasty " },
			{"question" : "Which two of emperors of the first five emperors of Rome were assasinated while in office? " },
			{"question" : "Which of the first five emperors of Rome committed suicide and emded the Julio-Claudian Dynasty?" },
			{"question" : "Who founded the Flavian Dynasty which was characterized by massive building projects, economic prosperity, expansion of the empire and in that time initiated the building of the Flavian Amphitheatre (the famous Coliseum of Rome)?" },
			{"question" : "Who was the last pagan emperor of Rome?" },
			{"question" : "Who's famous academy was closed when the empire converted pagan temples into Christian churches and closed the schools and universities that were adverse to Christian philosophy during the reign of Theodosius?" },
			{"question" : "" }
			]
		},
		{
		"lang": "US-EN",
		"grade": "6th (Sixth)",
		"subject": "History",
		"genre": "Roman Empire",
		"items": {
			"answerA" : "Augustus Caesar",
			"answerB" : "Romulus Augustulus",
			"answerC" : "Julius Caesar",
			"answerD" : "Julio-Claudian",
			"answerE" : "Caligula and Claudius",
			"answerF" : "Nero",
			"answerG" : "Vespasian",
			"answerH" : "Julian the Apostate or Julian",
			"answerI" : "Plato",
			"answerJ" : "..."
			}
		}
	]}
		