{"tests":[{
		"language": "English",
		"grade": "5th (Fifth)",
		"subject": "History",
		"items": {
			"Who was the last emperor of Rome?" : "Romulus Augustulus",
			"What was Augustus Caesers name before his rule of the Roman Empire?" : "Julius Caeser",
			"Augustus Caeser, Tiberius, Caligula, Claudius and Nero are the first five rulers of Rome and the ________ Dynasty " : "Julio-Claudian"
			}
		},
		{
		"language": "English",
		"grade": "5th (Fifth)",
		"subject": "History",
		"items": {
			"Who was the last emperor of Rome?" : "Romulus Augustulus",
			"What was Augustus Caesers name before his rule of the Roman Empire?" : "Julius Caeser",
			"Augustus Caeser, Tiberius, Caligula, Claudius and Nero are the first five rulers of Rome and the ________ Dynasty " : "Julio-Claudian"
			}
		}
	]}
		